id,email,first_name,last_name,date_birth,date_added,is_active,is_staff
1,augusto23@quiroga.com.ar,Mia Jazmin,Ruiz,23/8/1972,31:44.8,1,0
2,dcastro@gmail.com,Isabella,Perez,16/7/2023,31:44.8,1,0
3,violeta35@medina.com.ar,Martina,Nuñez,5/3/1991,31:44.9,1,0
4,sosasantino@cardozo.net.ar,Elena,Acosta,11/8/2006,31:44.9,1,0
5,mateosuarez@diaz.net.ar,Juan Bautista,Benitez,11/10/1972,31:45.0,1,0
6,justina69@yahoo.com,Lucía,Gomez,14/7/1961,31:45.0,1,0
7,krios@gmail.com,Felipe,Avila,3/12/2006,31:45.0,1,0
8,delfinafernandez@rivero-cordoba.net.ar,Martina,Navarro,31/7/2021,31:45.1,1,0
9,gabrielruiz@garcia-garcia.net,Maria Victoria,Sanchez,28/7/1956,31:45.1,1,0
10,helenarodriguez@gutierrez.ar,Valentino,Roldan,6/1/1958,31:45.2,1,0
11,bmendoza@garcia-perez.ar,Thiago,Vega,29/7/2016,31:45.2,1,0
12,fflores@hotmail.com,Guadalupe,Ramirez,8/10/1987,31:45.3,1,0
13,lopezguillermina@hotmail.com,Sebastian,Cabrera,16/5/2002,31:45.3,1,0
14,thiago37@yahoo.com,Thiago Benjamin,Castro,18/11/1954,31:45.3,1,0
15,acostaantonia@gmail.com,Camila,Gutierrez,4/2/1973,31:45.4,1,0
16,juan-gabrielmartinez@hotmail.com,Juan Ignacio,Mansilla,11/4/2013,31:45.4,1,0
17,pereyralucia@lopez.org,Olivia,Perez,20/6/1984,31:45.4,1,0
18,munozdelfina@mendez-sanchez.com,Thiago Daniel,Rios,4/8/1984,31:45.4,1,0
19,quirogavalentina@nunez-perez.ar,Ana Paula,Lopez,17/2/1966,31:45.5,1,0
20,fvega@gmail.com,Martina,Maldonado,28/7/2001,31:45.5,1,0
21,tiziano82@gmail.com,Juan Gabriel,Martinez,4/7/2001,31:45.6,1,0
22,castroisabella@mansilla.net,Juan Manuel,Ledesma,5/3/2006,31:45.6,1,0
23,kpereyra@gmail.com,Mora,Diaz,23/7/1997,31:45.6,1,0
24,thiago-valentinflores@gmail.com,Joaquin,Cordoba,6/9/2023,31:45.6,1,0
25,lopezsofia-belen@yahoo.com,Thiago Benjamin,Torres,19/2/2022,31:45.6,1,0
26,guillerminadiaz@ruiz.net,Lucas,Ramos,29/9/1951,31:45.7,1,0
27,suarezisabella@yahoo.com,Lucía,Toledo,19/11/2001,31:45.8,1,0
28,maximoramos@yahoo.com,Mateo,Benitez,8/3/1956,31:45.8,1,0
29,kguzman@cordoba.com.ar,Nahuel,Pereyra,1/2/1974,31:45.8,1,0
30,floresjuan-martin@hotmail.com,Ambar,Vargas,16/12/1984,31:45.9,1,0
31,vazquezfrancesca@hotmail.com,Ignacio,Campos,26/1/1950,31:45.9,1,0
32,mansillavalentin@gonzalez.com.ar,Thiago Nicolas,Diaz,27/4/1957,31:45.9,1,0
33,pazramiro@perez-rojas.ar,Martina,Martinez,12/4/1970,31:46.0,1,0
34,sofiagarcia@hotmail.com,Octavio,Aguero,6/3/1972,31:46.0,1,0
35,thiago-daniel97@acosta.ar,Luciano,Rojas,11/2/1950,31:46.0,1,0
36,icruz@rodriguez-benitez.ar,Felipe,Medina,14/4/1989,31:46.1,1,0
37,juana87@maldonado.com.ar,Ana Paula,Rodriguez,8/6/1992,31:46.1,1,0
38,benjamin87@garcia-molina.com.ar,Paloma,Castillo,18/7/1977,31:46.1,1,0
39,thiago-nicolasaguirre@yahoo.com,Gonzalo,Castillo,7/6/1974,31:46.2,1,0
40,cironavarro@rivero-ponce.ar,Bruno,Romero,8/6/1989,31:46.2,1,0
41,matildanunez@lopez.net,Pilar,Medina,25/11/2010,31:46.2,1,0
42,silvazoe-valentina@yahoo.com,Joaquin,Gonzalez,1/10/1958,31:46.3,1,0
43,quirogamaia@yahoo.com,Santiago,Chavez,23/7/1995,31:46.3,1,0
44,emiliagomez@hotmail.com,Federico,Moreno,4/4/1975,31:46.3,1,0
45,krodriguez@hotmail.com,Victoria,Mansilla,15/12/2018,31:46.4,1,0
46,ediaz@hotmail.com,Martina,Godoy,26/1/2020,31:46.4,1,0
47,santino-nicolasmaldonado@gutierrez-toledo.org,Maximo,Rodriguez,13/7/2001,31:46.4,1,0
48,mateo-agustinfigueroa@perez.com.ar,Lorenzo,Guzman,11/9/2007,31:46.5,1,0
49,rmorales@gmail.com,Tomàs,Rodriguez,21/2/1976,31:46.5,1,0
50,gonzalezthiago-valentin@rodriguez.net,Bautista,Gonzalez,1/9/2006,31:46.6,1,0
51,vegamaximo@gmail.com,Juan Ignacio,Figueroa,31/7/1957,31:46.6,1,0
52,pilar09@gmail.com,Candela,Ledesma,20/1/1956,31:46.6,1,0
53,cortiz@aguirre.ar,Santiago Nicolas,Diaz,25/7/1961,31:46.6,1,0
54,juliana14@gmail.com,Lorenzo,Vega,3/7/2000,31:46.6,1,0
55,rodriguezolivia@olivera-peralta.net,Juan,Gomez,17/7/1961,31:46.7,1,0
56,mateo-joaquin07@hotmail.com,Catalina,Medina,13/6/1966,31:46.7,1,0
57,silvaagustina@gmail.com,Martina,Campos,7/8/1998,31:46.8,1,0
58,isabellaramos@ruiz.ar,Vicente,Carrizo,7/12/1967,31:46.8,1,0
59,brojas@gmail.com,Gabriel,Garcia,2/4/2019,31:46.9,1,0
60,lucia-medina@yahoo.com,Tiziano Benjamin,Fernandez,17/8/1952,31:46.9,1,0
61,valentino52@hotmail.com,Emma,Rojas,17/6/1958,31:47.0,1,0
62,vrodriguez@gmail.com,Mia,Flores,20/12/1981,31:47.0,1,0
63,nbarrios@hotmail.com,Bautista,Rodriguez,9/12/1975,31:47.1,1,0
64,santinocardozo@yahoo.com,Julia,Castro,19/6/2001,31:47.1,1,0
65,svazquez@yahoo.com,Francisco,Garcia,4/5/2015,31:47.2,1,0
66,sofiachavez@navarro.com,Santino,Quiroga,1/9/1956,31:47.2,1,0
67,agustin76@sanchez.net,Thiago,Pereyra,28/10/1954,31:47.3,1,0
68,rfernandez@ponce.ar,Santino,Castillo,30/9/1955,31:47.3,1,0
69,martineznicolas@gmail.com,Morena,Torres,29/8/2002,31:47.4,1,0
70,geronimosanchez@hotmail.com,Juana,Velazquez,3/9/1956,31:47.5,1,0
71,antoniocoronel@yahoo.com,Lucía,Sanchez,28/1/2003,31:47.5,1,0
72,gonzalezaugusto@flores-diaz.net,Sofia,Sanchez,12/10/1961,31:47.6,1,0
73,santino-benjamin93@hotmail.com,Luciano Benjamin,Suarez,29/5/1962,31:47.6,1,0
74,quirogavalentino@yahoo.com,Jazmin,Ledesma,8/12/1971,31:47.7,1,0
75,rortiz@sosa.ar,Thiago Benjamin,Gonzalez,16/11/1975,31:47.8,1,0
76,lautaro56@benitez.net,León,Gonzalez,13/2/1985,31:47.8,1,0
77,helenamoyano@hotmail.com,Juan,Castro,11/10/1969,31:47.8,1,0
78,maximomiranda@yahoo.com,Agustina,Gomez,23/6/1972,31:47.9,1,0
79,isabellagimenez@ayala.com.ar,Benjamin,Escobar,12/3/1973,31:47.9,1,0
80,tomasgomez@gmail.com,Juan Ignacio,Ledesma,31/7/1952,31:48.0,1,0
81,bustosmicaela@rodriguez.com.ar,Joaquin,Lopez,27/5/2012,31:48.0,1,0
82,fernandezolivia@yahoo.com,Santino Benjamin,Ruiz,18/1/1973,31:48.1,1,0
83,pramos@hotmail.com,Camilo,Gonzalez,9/10/1972,31:48.1,1,0
84,facundo71@maidana.net.ar,Octavio,Juarez,16/4/1994,31:48.1,1,0
85,lucalopez@yahoo.com,Benicio,Villalba,31/12/1954,31:48.2,1,0
86,dante70@gmail.com,Ludmila,Correa,17/11/2012,31:48.2,1,0
87,navarromalena@gmail.com,Isabella,Muñoz,28/1/2023,31:48.3,1,0
88,benjamin-alejandro52@yahoo.com,Santino Benjamin,Ortiz,3/8/1981,31:48.3,1,0
89,thiago71@juarez-herrera.net,Bautista,Fernandez,7/12/1994,31:48.4,1,0
90,bautistasanchez@nunez.com.ar,Isabella,Moyano,5/9/1967,31:48.4,1,0
91,jeremiasmoreno@yahoo.com,Josefina,Acuña,6/1/1970,31:48.4,1,0
92,pfernandez@gmail.com,Mateo Ezequiel,Alvarez,5/10/1983,31:48.5,1,0
93,candelablanco@yahoo.com,Emilia,Fernandez,15/8/1958,31:48.6,1,0
94,francescaromero@paz.net.ar,Felipe,Mansilla,3/4/1980,31:48.6,1,0
95,emilia03@mendez.ar,Paulina,Aguirre,25/6/2015,31:48.6,1,0
96,vsuarez@gmail.com,Sofia,Fernandez,1/2/1973,31:48.7,1,0
97,rodriguezabril@gmail.com,Thiago,Romero,6/4/1973,31:48.7,1,0
98,rojasalma@gmail.com,Alma Jazmin,Ramirez,3/2/1999,31:48.7,1,0
99,kgimenez@medina.com,Luca,Soto,18/2/1960,31:48.7,1,0
100,castillooriana@gomez.net.ar,Lucio,Muñoz,25/3/2014,31:48.8,1,0
101,vazquezbastian@luna.org,Mateo Agustin,Flores,14/2/1970,31:48.8,1,0
102,bautista23@ferreyra.ar,Juan Martin,Fernandez,14/3/2011,31:48.9,1,0
103,renatamartinez@gmail.com,Mora,Escobar,6/7/1992,31:48.9,1,0
104,gomezlautaro@mansilla.com.ar,Emma,Ledesma,13/1/1954,31:49.1,1,0
105,constanzamartinez@correa.net,Olivia,Alvarez,30/11/1956,31:49.1,1,0
106,ortizluz-milagros@lucero-barrios.com.ar,Violeta,Diaz,10/3/1983,31:49.1,1,0
107,justina16@gutierrez.com.ar,Santiago Nicolas,Cruz,19/9/2023,31:49.2,1,0
108,dante53@yahoo.com,Lucas,Carrizo,25/5/1957,31:49.2,1,0
109,santiago-nicolas53@hotmail.com,Thiago Gabriel,Gimenez,11/8/1987,31:49.3,1,0
110,clara33@hotmail.com,Felipe,Muñoz,14/4/2022,31:49.4,1,0
111,molinaluz-milagros@hotmail.com,Isabella,Cardozo,27/6/1950,31:49.4,1,0
112,fernandezdante@bustos-rodriguez.com,Martina,Roldan,11/2/2010,31:49.5,1,0
113,suarezuma@hotmail.com,Lautaro Gabriel,Cabrera,1/5/1968,31:49.6,1,0
114,mateo10@gmail.com,Bruno,Juarez,28/12/2009,31:49.6,1,0
115,luz-mariaperez@hotmail.com,Victoria,Cabrera,21/12/2012,31:49.7,1,0
116,correasantino@ledesma-ferreyra.com.ar,Catalina,Ponce,22/6/2010,31:49.7,1,0
117,bianca32@valdez.net.ar,Maximo,Perez,17/3/1974,31:49.7,1,0
118,vegavalentin@flores.com.ar,Valentin,Nuñez,5/6/1978,31:49.8,1,0
119,vtorres@duarte-fernandez.org,Federico,Fernandez,28/9/1987,31:49.8,1,0
120,gomezbenjamin@soria-ortiz.com.ar,Lara,Lopez,23/4/1997,31:49.8,1,0
121,perezfrancisco@yahoo.com,Juan Martin,Sanchez,2/10/2011,31:49.8,1,0
122,acunaemilia@moreno-moreno.net.ar,Benicio,Juarez,11/7/1952,31:49.9,1,0
123,zoediaz@yahoo.com,Benjamin,Farias,16/1/1992,31:49.9,1,0
124,vmartinez@rivero.org,Helena,Ponce,6/11/1969,31:49.9,1,0
125,lopezthiago-valentin@aguirre.ar,Maria Luz,Gonzalez,3/12/2007,31:50.0,1,0
126,agustin80@castro-ruiz.com,Agustín,Gutierrez,7/4/2013,31:50.0,1,0
127,martin92@gmail.com,Santino,Gomez,19/7/1981,31:50.0,1,0
128,juarezalma-jazmin@ramos-molina.com.ar,Maria Emilia,Lopez,30/12/1970,31:50.1,1,0
129,juan-ignacio48@gmail.com,Pedro,Figueroa,15/9/2013,31:50.1,1,0
130,benjamin50@olivera-rodriguez.com.ar,Tobias,Sosa,18/10/1974,31:50.1,1,0
131,thiago-nahuelaguero@rojas.com.ar,Thiago,Barrios,25/6/1998,31:50.2,1,0
132,nicolasmedina@yahoo.com,Juana,Gimenez,30/9/2004,31:50.2,1,0
133,tsanchez@sanchez-gimenez.com,Jeronimo,Arias,11/2/1954,31:50.2,1,0
134,tomasaguero@gmail.com,Sara,Fernandez,9/8/2008,31:50.2,1,0
135,juan-pablo13@yahoo.com,Isabella,Lopez,10/7/1967,31:50.3,1,0
136,guadalupe85@munoz.com.ar,Juan Cruz,Moreno,22/5/1956,31:50.3,1,0
137,juan-bautista38@hotmail.com,Jeremias,Sanchez,24/2/2014,31:50.3,1,0
138,eperez@perez.net.ar,Bautista,Gimenez,17/9/1953,31:50.4,1,0
139,thiago-lionel76@yahoo.com,Manuel,Ledesma,22/12/1989,31:50.4,1,0
140,violeta43@yahoo.com,Santiago,Cardozo,10/7/2015,31:50.5,1,0
141,maximo61@yahoo.com,Victoria,Gomez,16/2/1983,31:50.6,1,0
142,urios@romero.com,Renata,Ortiz,22/4/1973,31:50.6,1,0
143,mendozajuan-pablo@hotmail.com,Thiago,Barrios,12/9/1955,31:50.7,1,0
144,correaalma@herrera-gutierrez.com,Agustin,Martinez,11/9/1954,31:50.7,1,0
145,catalina05@ojeda-dominguez.com.ar,Delfina,Ramos,11/6/2015,31:50.7,1,0
146,francoisabella@gmail.com,Francesco,Rios,28/9/1954,31:50.8,1,0
147,thiagogonzalez@gmail.com,Fausto,Alvarez,27/3/2022,31:50.8,1,0
148,camilagimenez@yahoo.com,Juan Cruz,Rodriguez,29/10/2010,31:50.9,1,0
149,gomezsamuel@garcia.com,Alma Valentina,Quiroga,8/4/1982,31:51.0,1,0
150,lorenzo00@yahoo.com,Amparo,Gonzalez,17/2/1956,31:51.0,1,0
151,gimenezignacio@fernandez.com.ar,Santino Agustin,Benitez,7/7/1981,31:51.1,1,0
152,blancovalentina@nunez.com.ar,Alfonsina,Ayala,5/9/1980,31:51.1,1,0
153,lautaro-gabriel25@blanco.org,Geronimo,Luna,25/10/1995,31:51.1,1,0
154,diazbenjamin@sosa.net,Delfina,Martinez,19/12/1958,31:51.2,1,0
155,ciro47@lopez.com,Juliana,Gonzalez,17/3/2015,31:51.2,1,0
156,lsanchez@moreno.net,Juan Cruz,Sanchez,27/12/1994,31:51.2,1,0
157,nahuelvazquez@paez-caceres.com,Benjamin,Vargas,25/5/1988,31:51.2,1,0
158,juan-manuelacosta@benitez-maidana.ar,Santino,Medina,23/6/2018,31:51.3,1,0
159,santiagotorres@diaz.com.ar,León,Gomez,27/5/1964,31:51.3,1,0
160,valentin34@perez.net.ar,Lautaro,Morales,20/12/1950,31:51.4,1,0
161,cabreramilagros@vera-vazquez.ar,Benjamin,Acosta,17/10/1961,31:51.5,1,0
162,vargasjeremias@fernandez-silva.ar,Thiago Nahuel,Maldonado,1/8/2018,31:51.5,1,0
163,tgomez@hotmail.com,Julieta,Gimenez,12/6/2009,31:51.5,1,0
164,valentinagomez@nunez.com,Lucas,Rodriguez,2/12/1958,31:51.6,1,0
165,camila23@maldonado-alvarez.net.ar,Catalina,Gonzalez,13/12/1998,31:51.7,1,0
166,catalinarodriguez@gmail.com,Benjamin,Torres,3/11/2015,31:51.7,1,0
167,bravojuana@gmail.com,Mia,Gomez,11/3/2022,31:51.8,1,0
168,mateovega@yahoo.com,Ramiro,Peralta,21/11/1971,31:51.8,1,0
169,ezequiel61@miranda.net,Pedro,Ledesma,24/10/2021,31:51.9,1,0
170,jazminfernandez@ledesma-cabrera.net,Morena,Caceres,29/12/1976,31:51.9,1,0
171,maximoferreyra@gomez-lucero.com,Justina,Vazquez,2/2/1969,31:52.0,1,0
172,gomezthiago@luna.com.ar,Salvador,Perez,26/6/1957,31:52.0,1,0
173,sanchezvalentina@hotmail.com,Martina,Lopez,23/12/1968,31:52.0,1,0
174,felipepereyra@hotmail.com,Clara,Morales,25/10/2021,31:52.1,1,0
175,oescobar@hotmail.com,Sol,Figueroa,6/6/1960,31:52.1,1,0
176,fernandezdelfina@gmail.com,Juliana,Flores,8/3/1989,31:52.2,1,0
177,nicolasmartin@yahoo.com,Sofia Belen,Rodriguez,15/8/1954,31:52.2,1,0
178,vdominguez@yahoo.com,Pedro,Lopez,15/5/1971,31:52.2,1,0
179,cpaz@yahoo.com,Benjamin,Paz,21/7/1954,31:52.3,1,0
180,joaquina79@castillo.net,Rafael,Flores,29/12/1951,31:52.3,1,0
181,vcruz@gmail.com,Matilda,Gomez,26/6/2009,31:52.3,1,0
182,francesco84@yahoo.com,Antonia,Vera,22/8/1969,31:52.4,1,0
183,catalinabarrios@gmail.com,Gabriel,Silva,7/2/1977,31:52.4,1,0
184,felipe92@hotmail.com,Catalina,Romero,24/10/2001,31:52.4,1,0
185,yrios@lucero-fernandez.net.ar,Maximo,Soria,19/11/1974,31:52.5,1,0
186,glopez@yahoo.com,Thiago Valentin,Ledesma,11/8/1994,31:52.5,1,0
187,simon80@hotmail.com,Micaela,Godoy,27/7/2010,31:52.5,1,0
188,jazmin31@hotmail.com,Martina,Ayala,9/2/1962,31:52.6,1,0
189,valentina04@yahoo.com,Martina,Morales,26/7/1957,31:52.6,1,0
190,santiago-benjamin83@yahoo.com,Juan Ignacio,Rodriguez,10/8/2015,31:52.7,1,0
191,octavio24@gmail.com,Tiziano,Moreno,5/10/2011,31:52.7,1,0
192,alma15@ferreyra.net.ar,Zoe,Gomez,26/5/2021,31:52.7,1,0
193,fperez@ferreyra-fernandez.ar,Juan Bautista,Gomez,12/8/2002,31:52.8,1,0
194,francisco51@gmail.com,Luisina,Rodriguez,3/1/2007,31:52.8,1,0
195,bquiroga@ferreyra.com.ar,Martina,Coronel,20/7/2007,31:52.9,1,0
196,guillerminachavez@farias.com.ar,Nina,Sanchez,21/5/2009,31:52.9,1,0
197,bmaidana@yahoo.com,Alfonsina,Chavez,10/9/2014,31:53.0,1,0
198,cvega@yahoo.com,Isabella,Gonzalez,16/9/1987,31:53.0,1,0
199,maria-emilia99@gmail.com,Catalina,Aguirre,17/12/2003,31:53.0,1,0
200,tiziana33@gmail.com,Vicente,Morales,11/7/2022,31:53.0,1,0
201,benitezmaria-victoria@franco-diaz.ar,Miguel Angel,Bustos,25/11/2020,31:53.1,1,0
202,barriostiziana@gimenez-duarte.ar,Jazmín,Diaz,21/1/2006,31:53.1,1,0
203,paezcatalina@hotmail.com,Isabella,Lopez,31/8/1969,31:53.2,1,0
204,geronimoquiroga@hotmail.com,Uma ,Mansilla,8/7/1993,31:53.2,1,0
205,lgimenez@yahoo.com,Felicitas,Gonzalez,16/12/1959,31:53.3,1,0
206,antoniaperez@lopez-molina.net,Bautista,Vera,5/3/2015,31:53.4,1,0
207,perezdelfina@hotmail.com,Fausto,Perez,4/8/2021,31:53.4,1,0
208,wfernandez@morales.com.ar,Paloma,Ramos,22/2/1981,31:53.5,1,0
209,martinalvarez@yahoo.com,Alvaro,Lopez,9/9/1958,31:53.5,1,0
210,quirogaoctavio@gmail.com,Mateo,Escobar,18/10/1950,31:53.6,1,0
211,sara15@olivera.org,Santiago,Ruiz,19/4/2015,31:53.6,1,0
212,bautistamansilla@guzman.com.ar,Constanza,Ruiz,3/8/1992,31:53.7,1,0
213,isabella47@gomez-vera.ar,Francesca,Martinez,20/3/2002,31:53.7,1,0
214,nunezisabella@yahoo.com,Bautista,Lopez,27/2/1980,31:53.7,1,0
215,pereyrajeremias@yahoo.com,Juan Cruz,Garcia,10/3/1951,31:53.8,1,0
216,juan-ignacio76@rodriguez.com.ar,Jazmin,Quiroga,23/11/1967,31:53.8,1,0
217,camilagomez@gutierrez.org,Sofia Belen,Molina,10/3/1969,31:53.9,1,0
218,alma-jazmingodoy@hotmail.com,Pilar,Mendoza,23/10/2005,31:54.0,1,0
219,rafael91@romero.org,Fausto,Gomez,13/12/1997,31:54.0,1,0
220,juan-bautistaperalta@vera.com.ar,Thiago Emanuel,Campos,15/7/1967,31:54.1,1,0
221,malenamolina@gonzalez-fernandez.com.ar,Benicio,Garcia,16/7/2002,31:54.1,1,0
222,alma-jazminrivero@gmail.com,Lucas,Caceres,26/5/1965,31:54.2,1,0
223,paulinagomez@gmail.com,Federico,Coronel,31/1/1960,31:54.3,1,0
224,ian-ezequiel03@hotmail.com,Joaquin,Rios,29/5/2011,31:54.3,1,0
225,lolaherrera@hotmail.com,Joaquina,Fernandez,26/11/1996,31:54.4,1,0
226,sofiamansilla@hotmail.com,Ian Benjamin,Aguero,19/10/1955,31:54.5,1,0
227,sofia50@gmail.com,Benicio,Soto,14/1/1982,31:54.5,1,0
228,xdiaz@yahoo.com,Juan Ignacio,Juarez,25/7/2010,31:54.5,1,0
229,vrivero@yahoo.com,Benjamin,Diaz,31/10/1977,31:54.5,1,0
230,juan-ignaciolopez@cordoba-flores.ar,Angelina,Herrera,6/7/2001,31:54.6,1,0
231,valentinovillalba@gonzalez-gomez.net.ar,Emilia,Garcia,2/1/2017,31:54.6,1,0
232,isabellamartinez@benitez-suarez.com,Octavio,Vargas,18/8/2013,31:54.7,1,0
233,pedroduarte@peralta.ar,Catalina,Gomez,28/8/1950,31:54.7,1,0
234,julianagonzalez@rodriguez.ar,Maria Emilia,Villalba,25/1/2020,31:54.8,1,0
235,francesca76@coronel.ar,Tiziano Valentin,Diaz,30/5/1990,31:54.8,1,0
236,kdominguez@hotmail.com,Matias,Gutierrez,12/7/2023,31:54.9,1,0
237,valentino48@gmail.com,Jeremias,Rodriguez,27/9/2019,31:55.0,1,0
238,fariasjuan-francisco@lopez.net.ar,Catalina,Ayala,13/5/2008,31:55.0,1,0
239,jgarcia@yahoo.com,Francisco,Gonzalez,13/11/1997,31:55.1,1,0
240,lola86@yahoo.com,Thiago Agustin,Herrera,26/3/1952,31:55.1,1,0
241,benitezmaria-victoria@castro-cardozo.net,Santiago,Caceres,3/10/1980,31:55.2,1,0
242,pedro58@hotmail.com,Luz Milagros,Medina,28/12/2020,31:55.2,1,0
243,herreraagustina@hotmail.com,Kiara,Gomez,2/5/1996,31:55.3,1,0
244,valentinopaez@perez.org,Juan Cruz,Gimenez,10/9/2016,31:55.3,1,0
245,santino80@hotmail.com,Valentina ,Martinez,26/4/2003,31:55.4,1,0
246,bautista72@lopez-romero.com.ar,Santiago,Mansilla,14/8/1997,31:55.4,1,0
247,gsoto@yahoo.com,Lautaro Ezequiel,Benitez,20/6/2014,31:55.5,1,0
248,ciroflores@yahoo.com,Antonella,Vazquez,1/12/1982,31:55.5,1,0
249,vicente66@hotmail.com,Santino,Navarro,14/12/1989,31:55.6,1,0
250,qgonzalez@hotmail.com,Catalina,Gonzalez,1/5/1984,31:55.6,1,0
251,admin@admin.com,admin,admin,,32:40.1,1,1
252,Juntos@juntos.com,Juntos,Monicat,,56:59.6,1,1
253,ricardo@juntos.com,ricardo,monicat,,38:21.0,1,1
