id,password,last_login,is_superuser,email,first_name,last_name,date_birth,date_added,is_active,is_staff
1,,,0,augusto23@quiroga.com.ar,Mia Jazmin,Ruiz,1972-08-23,2023-09-26 13:31:44.817364,1,0
2,,,0,dcastro@gmail.com,Isabella,Perez,2023-07-16,2023-09-26 13:31:44.842711,1,0
3,,,0,violeta35@medina.com.ar,Martina,Nuñez,1991-03-05,2023-09-26 13:31:44.889596,1,0
4,,,0,sosasantino@cardozo.net.ar,Elena,Acosta,2006-08-11,2023-09-26 13:31:44.936462,1,0
5,,,0,mateosuarez@diaz.net.ar,Juan Bautista,Benitez,1972-10-11,2023-09-26 13:31:44.967774,1,0
6,,,0,justina69@yahoo.com,Lucía,Gomez,1961-07-14,2023-09-26 13:31:44.999018,1,0
7,,,0,krios@gmail.com,Felipe,Avila,2006-12-03,2023-09-26 13:31:45.030215,1,0
8,,,0,delfinafernandez@rivero-cordoba.net.ar,Martina,Navarro,2021-07-31,2023-09-26 13:31:45.077134,1,0
9,,,0,gabrielruiz@garcia-garcia.net,Maria Victoria,Sanchez,1956-07-28,2023-09-26 13:31:45.139593,1,0
10,,,0,helenarodriguez@gutierrez.ar,Valentino,Roldan,1958-01-06,2023-09-26 13:31:45.202109,1,0
11,,,0,bmendoza@garcia-perez.ar,Thiago,Vega,2016-07-29,2023-09-26 13:31:45.248962,1,0
12,,,0,fflores@hotmail.com,Guadalupe,Ramirez,1987-10-08,2023-09-26 13:31:45.264814,1,0
13,,,0,lopezguillermina@hotmail.com,Sebastian,Cabrera,2002-05-16,2023-09-26 13:31:45.311621,1,0
14,,,0,thiago37@yahoo.com,Thiago Benjamin,Castro,1954-11-18,2023-09-26 13:31:45.342705,1,0
15,,,0,acostaantonia@gmail.com,Camila,Gutierrez,1973-02-04,2023-09-26 13:31:45.358357,1,0
16,,,0,juan-gabrielmartinez@hotmail.com,Juan Ignacio,Mansilla,2013-04-11,2023-09-26 13:31:45.389601,1,0
17,,,0,pereyralucia@lopez.org,Olivia,Perez,1984-06-20,2023-09-26 13:31:45.417438,1,0
18,,,0,munozdelfina@mendez-sanchez.com,Thiago Daniel,Rios,1984-08-04,2023-09-26 13:31:45.449210,1,0
19,,,0,quirogavalentina@nunez-perez.ar,Ana Paula,Lopez,1966-02-17,2023-09-26 13:31:45.483948,1,0
20,,,0,fvega@gmail.com,Martina,Maldonado,2001-07-28,2023-09-26 13:31:45.504354,1,0
21,,,0,tiziano82@gmail.com,Juan Gabriel,Martinez,2001-07-04,2023-09-26 13:31:45.557395,1,0
22,,,0,castroisabella@mansilla.net,Juan Manuel,Ledesma,2006-03-05,2023-09-26 13:31:45.583901,1,0
23,,,0,kpereyra@gmail.com,Mora,Diaz,1997-07-23,2023-09-26 13:31:45.598784,1,0
24,,,0,thiago-valentinflores@gmail.com,Joaquin,Cordoba,2023-09-06,2023-09-26 13:31:45.614648,1,0
25,,,0,lopezsofia-belen@yahoo.com,Thiago Benjamin,Torres,2022-02-19,2023-09-26 13:31:45.645712,1,0
26,,,0,guillerminadiaz@ruiz.net,Lucas,Ramos,1951-09-29,2023-09-26 13:31:45.708183,1,0
27,,,0,suarezisabella@yahoo.com,Lucía,Toledo,2001-11-19,2023-09-26 13:31:45.755117,1,0
28,,,0,maximoramos@yahoo.com,Mateo,Benitez,1956-03-08,2023-09-26 13:31:45.801920,1,0
29,,,0,kguzman@cordoba.com.ar,Nahuel,Pereyra,1974-02-01,2023-09-26 13:31:45.817538,1,0
30,,,0,floresjuan-martin@hotmail.com,Ambar,Vargas,1984-12-16,2023-09-26 13:31:45.864415,1,0
31,,,0,vazquezfrancesca@hotmail.com,Ignacio,Campos,1950-01-26,2023-09-26 13:31:45.895688,1,0
32,,,0,mansillavalentin@gonzalez.com.ar,Thiago Nicolas,Diaz,1957-04-27,2023-09-26 13:31:45.942541,1,0
33,,,0,pazramiro@perez-rojas.ar,Martina,Martinez,1970-04-12,2023-09-26 13:31:45.958223,1,0
34,,,0,sofiagarcia@hotmail.com,Octavio,Aguero,1972-03-06,2023-09-26 13:31:45.989416,1,0
35,,,0,thiago-daniel97@acosta.ar,Luciano,Rojas,1950-02-11,2023-09-26 13:31:46.020665,1,0
36,,,0,icruz@rodriguez-benitez.ar,Felipe,Medina,1989-04-14,2023-09-26 13:31:46.067538,1,0
37,,,0,juana87@maldonado.com.ar,Ana Paula,Rodriguez,1992-06-08,2023-09-26 13:31:46.098791,1,0
38,,,0,benjamin87@garcia-molina.com.ar,Paloma,Castillo,1977-07-18,2023-09-26 13:31:46.130266,1,0
39,,,0,thiago-nicolasaguirre@yahoo.com,Gonzalo,Castillo,1974-06-07,2023-09-26 13:31:46.176980,1,0
40,,,0,cironavarro@rivero-ponce.ar,Bruno,Romero,1989-06-08,2023-09-26 13:31:46.208167,1,0
41,,,0,matildanunez@lopez.net,Pilar,Medina,2010-11-25,2023-09-26 13:31:46.239524,1,0
42,,,0,silvazoe-valentina@yahoo.com,Joaquin,Gonzalez,1958-10-01,2023-09-26 13:31:46.286564,1,0
43,,,0,quirogamaia@yahoo.com,Santiago,Chavez,1995-07-23,2023-09-26 13:31:46.317537,1,0
44,,,0,emiliagomez@hotmail.com,Federico,Moreno,1975-04-04,2023-09-26 13:31:46.348799,1,0
45,,,0,krodriguez@hotmail.com,Victoria,Mansilla,2018-12-15,2023-09-26 13:31:46.395914,1,0
46,,,0,ediaz@hotmail.com,Martina,Godoy,2020-01-26,2023-09-26 13:31:46.419362,1,0
47,,,0,santino-nicolasmaldonado@gutierrez-toledo.org,Maximo,Rodriguez,2001-07-13,2023-09-26 13:31:46.445361,1,0
48,,,0,mateo-agustinfigueroa@perez.com.ar,Lorenzo,Guzman,2007-09-11,2023-09-26 13:31:46.492290,1,0
49,,,0,rmorales@gmail.com,Tomàs,Rodriguez,1976-02-21,2023-09-26 13:31:46.522686,1,0
50,,,0,gonzalezthiago-valentin@rodriguez.net,Bautista,Gonzalez,2006-09-01,2023-09-26 13:31:46.555464,1,0
51,,,0,vegamaximo@gmail.com,Juan Ignacio,Figueroa,1957-07-31,2023-09-26 13:31:46.573697,1,0
52,,,0,pilar09@gmail.com,Candela,Ledesma,1956-01-20,2023-09-26 13:31:46.593497,1,0
53,,,0,cortiz@aguirre.ar,Santiago Nicolas,Diaz,1961-07-25,2023-09-26 13:31:46.616039,1,0
54,,,0,juliana14@gmail.com,Lorenzo,Vega,2000-07-03,2023-09-26 13:31:46.647326,1,0
55,,,0,rodriguezolivia@olivera-peralta.net,Juan,Gomez,1961-07-17,2023-09-26 13:31:46.678550,1,0
56,,,0,mateo-joaquin07@hotmail.com,Catalina,Medina,1966-06-13,2023-09-26 13:31:46.709812,1,0
57,,,0,silvaagustina@gmail.com,Martina,Campos,1998-08-07,2023-09-26 13:31:46.756678,1,0
58,,,0,isabellaramos@ruiz.ar,Vicente,Carrizo,1967-12-07,2023-09-26 13:31:46.803552,1,0
59,,,0,brojas@gmail.com,Gabriel,Garcia,2019-04-02,2023-09-26 13:31:46.866054,1,0
60,,,0,lucia-medina@yahoo.com,Tiziano Benjamin,Fernandez,1952-08-17,2023-09-26 13:31:46.897303,1,0
61,,,0,valentino52@hotmail.com,Emma,Rojas,1958-06-17,2023-09-26 13:31:46.974464,1,0
62,,,0,vrodriguez@gmail.com,Mia,Flores,1981-12-20,2023-09-26 13:31:47.019557,1,0
63,,,0,nbarrios@hotmail.com,Bautista,Rodriguez,1975-12-09,2023-09-26 13:31:47.086230,1,0
64,,,0,santinocardozo@yahoo.com,Julia,Castro,2001-06-19,2023-09-26 13:31:47.119270,1,0
65,,,0,svazquez@yahoo.com,Francisco,Garcia,2015-05-04,2023-09-26 13:31:47.169311,1,0
66,,,0,sofiachavez@navarro.com,Santino,Quiroga,1956-09-01,2023-09-26 13:31:47.237817,1,0
67,,,0,agustin76@sanchez.net,Thiago,Pereyra,1954-10-28,2023-09-26 13:31:47.303066,1,0
68,,,0,rfernandez@ponce.ar,Santino,Castillo,1955-09-30,2023-09-26 13:31:47.336010,1,0
69,,,0,martineznicolas@gmail.com,Morena,Torres,2002-08-29,2023-09-26 13:31:47.402530,1,0
70,,,0,geronimosanchez@hotmail.com,Juana,Velazquez,1956-09-03,2023-09-26 13:31:47.471354,1,0
71,,,0,antoniocoronel@yahoo.com,Lucía,Sanchez,2003-01-28,2023-09-26 13:31:47.507634,1,0
72,,,0,gonzalezaugusto@flores-diaz.net,Sofia,Sanchez,1961-10-12,2023-09-26 13:31:47.572859,1,0
73,,,0,santino-benjamin93@hotmail.com,Luciano Benjamin,Suarez,1962-05-29,2023-09-26 13:31:47.633465,1,0
74,,,0,quirogavalentino@yahoo.com,Jazmin,Ledesma,1971-12-08,2023-09-26 13:31:47.695967,1,0
75,,,0,rortiz@sosa.ar,Thiago Benjamin,Gonzalez,1975-11-16,2023-09-26 13:31:47.758464,1,0
76,,,0,lautaro56@benitez.net,León,Gonzalez,1985-02-13,2023-09-26 13:31:47.789721,1,0
77,,,0,helenamoyano@hotmail.com,Juan,Castro,1969-10-11,2023-09-26 13:31:47.820960,1,0
78,,,0,maximomiranda@yahoo.com,Agustina,Gomez,1972-06-23,2023-09-26 13:31:47.883460,1,0
79,,,0,isabellagimenez@ayala.com.ar,Benjamin,Escobar,1973-03-12,2023-09-26 13:31:47.914715,1,0
80,,,0,tomasgomez@gmail.com,Juan Ignacio,Ledesma,1952-07-31,2023-09-26 13:31:47.977212,1,0
81,,,0,bustosmicaela@rodriguez.com.ar,Joaquin,Lopez,2012-05-27,2023-09-26 13:31:48.036570,1,0
82,,,0,fernandezolivia@yahoo.com,Santino Benjamin,Ruiz,1973-01-18,2023-09-26 13:31:48.069897,1,0
83,,,0,pramos@hotmail.com,Camilo,Gonzalez,1972-10-09,2023-09-26 13:31:48.101594,1,0
84,,,0,facundo71@maidana.net.ar,Octavio,Juarez,1994-04-16,2023-09-26 13:31:48.136412,1,0
85,,,0,lucalopez@yahoo.com,Benicio,Villalba,1954-12-31,2023-09-26 13:31:48.188622,1,0
86,,,0,dante70@gmail.com,Ludmila,Correa,2012-11-17,2023-09-26 13:31:48.219959,1,0
87,,,0,navarromalena@gmail.com,Isabella,Muñoz,2023-01-28,2023-09-26 13:31:48.286368,1,0
88,,,0,benjamin-alejandro52@yahoo.com,Santino Benjamin,Ortiz,1981-08-03,2023-09-26 13:31:48.321591,1,0
89,,,0,thiago71@juarez-herrera.net,Bautista,Fernandez,1994-12-07,2023-09-26 13:31:48.355497,1,0
90,,,0,bautistasanchez@nunez.com.ar,Isabella,Moyano,1967-09-05,2023-09-26 13:31:48.403325,1,0
91,,,0,jeremiasmoreno@yahoo.com,Josefina,Acuña,1970-01-06,2023-09-26 13:31:48.445067,1,0
92,,,0,pfernandez@gmail.com,Mateo Ezequiel,Alvarez,1983-10-05,2023-09-26 13:31:48.523901,1,0
93,,,0,candelablanco@yahoo.com,Emilia,Fernandez,1958-08-15,2023-09-26 13:31:48.563692,1,0
94,,,0,francescaromero@paz.net.ar,Felipe,Mansilla,1980-04-03,2023-09-26 13:31:48.578058,1,0
95,,,0,emilia03@mendez.ar,Paulina,Aguirre,2015-06-25,2023-09-26 13:31:48.620753,1,0
96,,,0,vsuarez@gmail.com,Sofia,Fernandez,1973-02-01,2023-09-26 13:31:48.654382,1,0
97,,,0,rodriguezabril@gmail.com,Thiago,Romero,1973-04-06,2023-09-26 13:31:48.668574,1,0
98,,,0,rojasalma@gmail.com,Alma Jazmin,Ramirez,1999-02-03,2023-09-26 13:31:48.717638,1,0
99,,,0,kgimenez@medina.com,Luca,Soto,1960-02-18,2023-09-26 13:31:48.748894,1,0
100,,,0,castillooriana@gomez.net.ar,Lucio,Muñoz,2014-03-25,2023-09-26 13:31:48.788520,1,0
101,,,0,vazquezbastian@luna.org,Mateo Agustin,Flores,1970-02-14,2023-09-26 13:31:48.848374,1,0
102,,,0,bautista23@ferreyra.ar,Juan Martin,Fernandez,2011-03-14,2023-09-26 13:31:48.895252,1,0
103,,,0,renatamartinez@gmail.com,Mora,Escobar,1992-07-06,2023-09-26 13:31:48.942127,1,0
104,,,0,gomezlautaro@mansilla.com.ar,Emma,Ledesma,1954-01-13,2023-09-26 13:31:49.059661,1,0
105,,,0,constanzamartinez@correa.net,Olivia,Alvarez,1956-11-30,2023-09-26 13:31:49.106612,1,0
106,,,0,ortizluz-milagros@lucero-barrios.com.ar,Violeta,Diaz,1983-03-10,2023-09-26 13:31:49.137834,1,0
107,,,0,justina16@gutierrez.com.ar,Santiago Nicolas,Cruz,2023-09-19,2023-09-26 13:31:49.200283,1,0
108,,,0,dante53@yahoo.com,Lucas,Carrizo,1957-05-25,2023-09-26 13:31:49.247185,1,0
109,,,0,santiago-nicolas53@hotmail.com,Thiago Gabriel,Gimenez,1987-08-11,2023-09-26 13:31:49.309684,1,0
110,,,0,clara33@hotmail.com,Felipe,Muñoz,2022-04-14,2023-09-26 13:31:49.356548,1,0
111,,,0,molinaluz-milagros@hotmail.com,Isabella,Cardozo,1950-06-27,2023-09-26 13:31:49.434663,1,0
112,,,0,fernandezdante@bustos-rodriguez.com,Martina,Roldan,2010-02-11,2023-09-26 13:31:49.502132,1,0
113,,,0,suarezuma@hotmail.com,Lautaro Gabriel,Cabrera,1968-05-01,2023-09-26 13:31:49.591118,1,0
114,,,0,mateo10@gmail.com,Bruno,Juarez,2009-12-28,2023-09-26 13:31:49.618909,1,0
115,,,0,luz-mariaperez@hotmail.com,Victoria,Cabrera,2012-12-21,2023-09-26 13:31:49.669365,1,0
116,,,0,correasantino@ledesma-ferreyra.com.ar,Catalina,Ponce,2010-06-22,2023-09-26 13:31:49.695077,1,0
117,,,0,bianca32@valdez.net.ar,Maximo,Perez,1974-03-17,2023-09-26 13:31:49.731311,1,0
118,,,0,vegavalentin@flores.com.ar,Valentin,Nuñez,1978-06-05,2023-09-26 13:31:49.761552,1,0
119,,,0,vtorres@duarte-fernandez.org,Federico,Fernandez,1987-09-28,2023-09-26 13:31:49.786768,1,0
120,,,0,gomezbenjamin@soria-ortiz.com.ar,Lara,Lopez,1997-04-23,2023-09-26 13:31:49.803387,1,0
121,,,0,perezfrancisco@yahoo.com,Juan Martin,Sanchez,2011-10-02,2023-09-26 13:31:49.842307,1,0
122,,,0,acunaemilia@moreno-moreno.net.ar,Benicio,Juarez,1952-07-11,2023-09-26 13:31:49.860376,1,0
123,,,0,zoediaz@yahoo.com,Benjamin,Farias,1992-01-16,2023-09-26 13:31:49.902382,1,0
124,,,0,vmartinez@rivero.org,Helena,Ponce,1969-11-06,2023-09-26 13:31:49.940590,1,0
125,,,0,lopezthiago-valentin@aguirre.ar,Maria Luz,Gonzalez,2007-12-03,2023-09-26 13:31:49.967396,1,0
126,,,0,agustin80@castro-ruiz.com,Agustín,Gutierrez,2013-04-07,2023-09-26 13:31:49.998665,1,0
127,,,0,martin92@gmail.com,Santino,Gomez,1981-07-19,2023-09-26 13:31:50.024609,1,0
128,,,0,juarezalma-jazmin@ramos-molina.com.ar,Maria Emilia,Lopez,1970-12-30,2023-09-26 13:31:50.056790,1,0
129,,,0,juan-ignacio48@gmail.com,Pedro,Figueroa,2013-09-15,2023-09-26 13:31:50.069975,1,0
130,,,0,benjamin50@olivera-rodriguez.com.ar,Tobias,Sosa,1974-10-18,2023-09-26 13:31:50.100145,1,0
131,,,0,thiago-nahuelaguero@rojas.com.ar,Thiago,Barrios,1998-06-25,2023-09-26 13:31:50.163975,1,0
132,,,0,nicolasmedina@yahoo.com,Juana,Gimenez,2004-09-30,2023-09-26 13:31:50.181970,1,0
133,,,0,tsanchez@sanchez-gimenez.com,Jeronimo,Arias,1954-02-11,2023-09-26 13:31:50.215620,1,0
134,,,0,tomasaguero@gmail.com,Sara,Fernandez,2008-08-09,2023-09-26 13:31:50.237619,1,0
135,,,0,juan-pablo13@yahoo.com,Isabella,Lopez,1967-07-10,2023-09-26 13:31:50.253709,1,0
136,,,0,guadalupe85@munoz.com.ar,Juan Cruz,Moreno,1956-05-22,2023-09-26 13:31:50.283903,1,0
137,,,0,juan-bautista38@hotmail.com,Jeremias,Sanchez,2014-02-24,2023-09-26 13:31:50.316719,1,0
138,,,0,eperez@perez.net.ar,Bautista,Gimenez,1953-09-17,2023-09-26 13:31:50.388313,1,0
139,,,0,thiago-lionel76@yahoo.com,Manuel,Ledesma,1989-12-22,2023-09-26 13:31:50.449523,1,0
140,,,0,violeta43@yahoo.com,Santiago,Cardozo,2015-07-10,2023-09-26 13:31:50.521482,1,0
141,,,0,maximo61@yahoo.com,Victoria,Gomez,1983-02-16,2023-09-26 13:31:50.591613,1,0
142,,,0,urios@romero.com,Renata,Ortiz,1973-04-22,2023-09-26 13:31:50.640446,1,0
143,,,0,mendozajuan-pablo@hotmail.com,Thiago,Barrios,1955-09-12,2023-09-26 13:31:50.663443,1,0
144,,,0,correaalma@herrera-gutierrez.com,Agustin,Martinez,1954-09-11,2023-09-26 13:31:50.689451,1,0
145,,,0,catalina05@ojeda-dominguez.com.ar,Delfina,Ramos,2015-06-11,2023-09-26 13:31:50.721924,1,0
146,,,0,francoisabella@gmail.com,Francesco,Rios,1954-09-28,2023-09-26 13:31:50.772194,1,0
147,,,0,thiagogonzalez@gmail.com,Fausto,Alvarez,2022-03-27,2023-09-26 13:31:50.804589,1,0
148,,,0,camilagimenez@yahoo.com,Juan Cruz,Rodriguez,2010-10-29,2023-09-26 13:31:50.878021,1,0
149,,,0,gomezsamuel@garcia.com,Alma Valentina,Quiroga,1982-04-08,2023-09-26 13:31:50.959065,1,0
150,,,0,lorenzo00@yahoo.com,Amparo,Gonzalez,1956-02-17,2023-09-26 13:31:50.996050,1,0
151,,,0,gimenezignacio@fernandez.com.ar,Santino Agustin,Benitez,1981-07-07,2023-09-26 13:31:51.055040,1,0
152,,,0,blancovalentina@nunez.com.ar,Alfonsina,Ayala,1980-09-05,2023-09-26 13:31:51.100034,1,0
153,,,0,lautaro-gabriel25@blanco.org,Geronimo,Luna,1995-10-25,2023-09-26 13:31:51.134152,1,0
154,,,0,diazbenjamin@sosa.net,Delfina,Martinez,1958-12-19,2023-09-26 13:31:51.153164,1,0
155,,,0,ciro47@lopez.com,Juliana,Gonzalez,2015-03-17,2023-09-26 13:31:51.190811,1,0
156,,,0,lsanchez@moreno.net,Juan Cruz,Sanchez,1994-12-27,2023-09-26 13:31:51.219821,1,0
157,,,0,nahuelvazquez@paez-caceres.com,Benjamin,Vargas,1988-05-25,2023-09-26 13:31:51.236810,1,0
158,,,0,juan-manuelacosta@benitez-maidana.ar,Santino,Medina,2018-06-23,2023-09-26 13:31:51.280261,1,0
159,,,0,santiagotorres@diaz.com.ar,León,Gomez,1964-05-27,2023-09-26 13:31:51.348391,1,0
160,,,0,valentin34@perez.net.ar,Lautaro,Morales,1950-12-20,2023-09-26 13:31:51.368328,1,0
161,,,0,cabreramilagros@vera-vazquez.ar,Benjamin,Acosta,1961-10-17,2023-09-26 13:31:51.459241,1,0
162,,,0,vargasjeremias@fernandez-silva.ar,Thiago Nahuel,Maldonado,2018-08-01,2023-09-26 13:31:51.510165,1,0
163,,,0,tgomez@hotmail.com,Julieta,Gimenez,2009-06-12,2023-09-26 13:31:51.526289,1,0
164,,,0,valentinagomez@nunez.com,Lucas,Rodriguez,1958-12-02,2023-09-26 13:31:51.576193,1,0
165,,,0,camila23@maldonado-alvarez.net.ar,Catalina,Gonzalez,1998-12-13,2023-09-26 13:31:51.659220,1,0
166,,,0,catalinarodriguez@gmail.com,Benjamin,Torres,2015-11-03,2023-09-26 13:31:51.717220,1,0
167,,,0,bravojuana@gmail.com,Mia,Gomez,2022-03-11,2023-09-26 13:31:51.778175,1,0
168,,,0,mateovega@yahoo.com,Ramiro,Peralta,1971-11-21,2023-09-26 13:31:51.838029,1,0
169,,,0,ezequiel61@miranda.net,Pedro,Ledesma,2021-10-24,2023-09-26 13:31:51.872024,1,0
170,,,0,jazminfernandez@ledesma-cabrera.net,Morena,Caceres,1976-12-29,2023-09-26 13:31:51.916024,1,0
171,,,0,maximoferreyra@gomez-lucero.com,Justina,Vazquez,1969-02-02,2023-09-26 13:31:51.958079,1,0
172,,,0,gomezthiago@luna.com.ar,Salvador,Perez,1957-06-26,2023-09-26 13:31:51.999116,1,0
173,,,0,sanchezvalentina@hotmail.com,Martina,Lopez,1968-12-23,2023-09-26 13:31:52.041758,1,0
174,,,0,felipepereyra@hotmail.com,Clara,Morales,2021-10-25,2023-09-26 13:31:52.094638,1,0
175,,,0,oescobar@hotmail.com,Sol,Figueroa,1960-06-06,2023-09-26 13:31:52.140647,1,0
176,,,0,fernandezdelfina@gmail.com,Juliana,Flores,1989-03-08,2023-09-26 13:31:52.159143,1,0
177,,,0,nicolasmartin@yahoo.com,Sofia Belen,Rodriguez,1954-08-15,2023-09-26 13:31:52.181637,1,0
178,,,0,vdominguez@yahoo.com,Pedro,Lopez,1971-05-15,2023-09-26 13:31:52.202651,1,0
179,,,0,cpaz@yahoo.com,Benjamin,Paz,1954-07-21,2023-09-26 13:31:52.261975,1,0
180,,,0,joaquina79@castillo.net,Rafael,Flores,1951-12-29,2023-09-26 13:31:52.294417,1,0
181,,,0,vcruz@gmail.com,Matilda,Gomez,2009-06-26,2023-09-26 13:31:52.332082,1,0
182,,,0,francesco84@yahoo.com,Antonia,Vera,1969-08-22,2023-09-26 13:31:52.361104,1,0
183,,,0,catalinabarrios@gmail.com,Gabriel,Silva,1977-02-07,2023-09-26 13:31:52.389820,1,0
184,,,0,felipe92@hotmail.com,Catalina,Romero,2001-10-24,2023-09-26 13:31:52.439688,1,0
185,,,0,yrios@lucero-fernandez.net.ar,Maximo,Soria,1974-11-19,2023-09-26 13:31:52.499678,1,0
186,,,0,glopez@yahoo.com,Thiago Valentin,Ledesma,1994-08-11,2023-09-26 13:31:52.531955,1,0
187,,,0,simon80@hotmail.com,Micaela,Godoy,2010-07-27,2023-09-26 13:31:52.547959,1,0
188,,,0,jazmin31@hotmail.com,Martina,Ayala,1962-02-09,2023-09-26 13:31:52.575959,1,0
189,,,0,valentina04@yahoo.com,Martina,Morales,1957-07-26,2023-09-26 13:31:52.623319,1,0
190,,,0,santiago-benjamin83@yahoo.com,Juan Ignacio,Rodriguez,2015-08-10,2023-09-26 13:31:52.659322,1,0
191,,,0,octavio24@gmail.com,Tiziano,Moreno,2011-10-05,2023-09-26 13:31:52.714224,1,0
192,,,0,alma15@ferreyra.net.ar,Zoe,Gomez,2021-05-26,2023-09-26 13:31:52.727814,1,0
193,,,0,fperez@ferreyra-fernandez.ar,Juan Bautista,Gomez,2002-08-12,2023-09-26 13:31:52.768637,1,0
194,,,0,francisco51@gmail.com,Luisina,Rodriguez,2007-01-03,2023-09-26 13:31:52.770700,1,0
195,,,0,bquiroga@ferreyra.com.ar,Martina,Coronel,2007-07-20,2023-09-26 13:31:52.867693,1,0
196,,,0,guillerminachavez@farias.com.ar,Nina,Sanchez,2009-05-21,2023-09-26 13:31:52.923470,1,0
197,,,0,bmaidana@yahoo.com,Alfonsina,Chavez,2014-09-10,2023-09-26 13:31:52.961812,1,0
198,,,0,cvega@yahoo.com,Isabella,Gonzalez,1987-09-16,2023-09-26 13:31:52.987199,1,0
199,,,0,maria-emilia99@gmail.com,Catalina,Aguirre,2003-12-17,2023-09-26 13:31:53.014452,1,0
200,,,0,tiziana33@gmail.com,Vicente,Morales,2022-07-11,2023-09-26 13:31:53.021684,1,0
201,,,0,benitezmaria-victoria@franco-diaz.ar,Miguel Angel,Bustos,2020-11-25,2023-09-26 13:31:53.070500,1,0
202,,,0,barriostiziana@gimenez-duarte.ar,Jazmín,Diaz,2006-01-21,2023-09-26 13:31:53.125987,1,0
203,,,0,paezcatalina@hotmail.com,Isabella,Lopez,1969-08-31,2023-09-26 13:31:53.182671,1,0
204,,,0,geronimoquiroga@hotmail.com,Uma ,Mansilla,1993-07-08,2023-09-26 13:31:53.238152,1,0
205,,,0,lgimenez@yahoo.com,Felicitas,Gonzalez,1959-12-16,2023-09-26 13:31:53.287548,1,0
206,,,0,antoniaperez@lopez-molina.net,Bautista,Vera,2015-03-05,2023-09-26 13:31:53.354259,1,0
207,,,0,perezdelfina@hotmail.com,Fausto,Perez,2021-08-04,2023-09-26 13:31:53.402824,1,0
208,,,0,wfernandez@morales.com.ar,Paloma,Ramos,1981-02-22,2023-09-26 13:31:53.458492,1,0
209,,,0,martinalvarez@yahoo.com,Alvaro,Lopez,1958-09-09,2023-09-26 13:31:53.487795,1,0
210,,,0,quirogaoctavio@gmail.com,Mateo,Escobar,1950-10-18,2023-09-26 13:31:53.564007,1,0
211,,,0,sara15@olivera.org,Santiago,Ruiz,2015-04-19,2023-09-26 13:31:53.643001,1,0
212,,,0,bautistamansilla@guzman.com.ar,Constanza,Ruiz,1992-08-03,2023-09-26 13:31:53.670999,1,0
213,,,0,isabella47@gomez-vera.ar,Francesca,Martinez,2002-03-20,2023-09-26 13:31:53.709296,1,0
214,,,0,nunezisabella@yahoo.com,Bautista,Lopez,1980-02-27,2023-09-26 13:31:53.743300,1,0
215,,,0,pereyrajeremias@yahoo.com,Juan Cruz,Garcia,1951-03-10,2023-09-26 13:31:53.781902,1,0
216,,,0,juan-ignacio76@rodriguez.com.ar,Jazmin,Quiroga,1967-11-23,2023-09-26 13:31:53.833351,1,0
217,,,0,camilagomez@gutierrez.org,Sofia Belen,Molina,1969-03-10,2023-09-26 13:31:53.904396,1,0
218,,,0,alma-jazmingodoy@hotmail.com,Pilar,Mendoza,2005-10-23,2023-09-26 13:31:53.980187,1,0
219,,,0,rafael91@romero.org,Fausto,Gomez,1997-12-13,2023-09-26 13:31:54.025400,1,0
220,,,0,juan-bautistaperalta@vera.com.ar,Thiago Emanuel,Campos,1967-07-15,2023-09-26 13:31:54.068905,1,0
221,,,0,malenamolina@gonzalez-fernandez.com.ar,Benicio,Garcia,2002-07-16,2023-09-26 13:31:54.113093,1,0
222,,,0,alma-jazminrivero@gmail.com,Lucas,Caceres,1965-05-26,2023-09-26 13:31:54.176450,1,0
223,,,0,paulinagomez@gmail.com,Federico,Coronel,1960-01-31,2023-09-26 13:31:54.250668,1,0
224,,,0,ian-ezequiel03@hotmail.com,Joaquin,Rios,2011-05-29,2023-09-26 13:31:54.304612,1,0
225,,,0,lolaherrera@hotmail.com,Joaquina,Fernandez,1996-11-26,2023-09-26 13:31:54.392886,1,0
226,,,0,sofiamansilla@hotmail.com,Ian Benjamin,Aguero,1955-10-19,2023-09-26 13:31:54.455121,1,0
227,,,0,sofia50@gmail.com,Benicio,Soto,1982-01-14,2023-09-26 13:31:54.485115,1,0
228,,,0,xdiaz@yahoo.com,Juan Ignacio,Juarez,2010-07-25,2023-09-26 13:31:54.515111,1,0
229,,,0,vrivero@yahoo.com,Benjamin,Diaz,1977-10-31,2023-09-26 13:31:54.532111,1,0
230,,,0,juan-ignaciolopez@cordoba-flores.ar,Angelina,Herrera,2001-07-06,2023-09-26 13:31:54.575119,1,0
231,,,0,valentinovillalba@gonzalez-gomez.net.ar,Emilia,Garcia,2017-01-02,2023-09-26 13:31:54.605116,1,0
232,,,0,isabellamartinez@benitez-suarez.com,Octavio,Vargas,2013-08-18,2023-09-26 13:31:54.686607,1,0
233,,,0,pedroduarte@peralta.ar,Catalina,Gomez,1950-08-28,2023-09-26 13:31:54.724635,1,0
234,,,0,julianagonzalez@rodriguez.ar,Maria Emilia,Villalba,2020-01-25,2023-09-26 13:31:54.754620,1,0
235,,,0,francesca76@coronel.ar,Tiziano Valentin,Diaz,1990-05-30,2023-09-26 13:31:54.823400,1,0
236,,,0,kdominguez@hotmail.com,Matias,Gutierrez,2023-07-12,2023-09-26 13:31:54.914439,1,0
237,,,0,valentino48@gmail.com,Jeremias,Rodriguez,2019-09-27,2023-09-26 13:31:54.968749,1,0
238,,,0,fariasjuan-francisco@lopez.net.ar,Catalina,Ayala,2008-05-13,2023-09-26 13:31:55.041840,1,0
239,,,0,jgarcia@yahoo.com,Francisco,Gonzalez,1997-11-13,2023-09-26 13:31:55.110063,1,0
240,,,0,lola86@yahoo.com,Thiago Agustin,Herrera,1952-03-26,2023-09-26 13:31:55.146920,1,0
241,,,0,benitezmaria-victoria@castro-cardozo.net,Santiago,Caceres,1980-10-03,2023-09-26 13:31:55.174831,1,0
242,,,0,pedro58@hotmail.com,Luz Milagros,Medina,2020-12-28,2023-09-26 13:31:55.233057,1,0
243,,,0,herreraagustina@hotmail.com,Kiara,Gomez,1996-05-02,2023-09-26 13:31:55.267114,1,0
244,,,0,valentinopaez@perez.org,Juan Cruz,Gimenez,2016-09-10,2023-09-26 13:31:55.339693,1,0
245,,,0,santino80@hotmail.com,Valentina ,Martinez,2003-04-26,2023-09-26 13:31:55.374708,1,0
246,,,0,bautista72@lopez-romero.com.ar,Santiago,Mansilla,1997-08-14,2023-09-26 13:31:55.427882,1,0
247,,,0,gsoto@yahoo.com,Lautaro Ezequiel,Benitez,2014-06-20,2023-09-26 13:31:55.462286,1,0
248,,,0,ciroflores@yahoo.com,Antonella,Vazquez,1982-12-01,2023-09-26 13:31:55.496958,1,0
249,,,0,vicente66@hotmail.com,Santino,Navarro,1989-12-14,2023-09-26 13:31:55.573921,1,0
250,,,0,qgonzalez@hotmail.com,Catalina,Gonzalez,1984-05-01,2023-09-26 13:31:55.609516,1,0
251,pbkdf2_sha256$600000$gVZtouMqvpIrwdsup48vPe$YYN2mZj7BV4Pa4V2mmWooT+U9AG8FL8F0pBcJI0Tn/4=,2023-09-26 13:32:51.369448,1,admin@admin.com,admin,admin,,2023-09-26 13:32:40.092834,1,1
252,pbkdf2_sha256$600000$9fB2J7l8JSxUk8VgSDisNh$9BUOVCk8Sc3+Ih1I10LneoirISiBZX73zTHv2joVnKw=,2023-10-14 19:58:17.227547,1,Juntos@juntos.com,Juntos,Monicat,,2023-10-14 19:56:59.568299,1,1
253,ricardo,2023-11-03 13:27:39,1,ricardo@juntos.com,ricardo,monicat,,2023-10-28 11:38:21.046671,1,1
