id,password,last_login,is_superuser,email,first_name,last_name
1,,,0,augusto23@quiroga.com.ar,Mia Jazmin,Ruiz
2,,,0,dcastro@gmail.com,Isabella,Perez
3,,,0,violeta35@medina.com.ar,Martina,Nuñez
4,,,0,sosasantino@cardozo.net.ar,Elena,Acosta
5,,,0,mateosuarez@diaz.net.ar,Juan Bautista,Benitez
6,,,0,justina69@yahoo.com,Lucía,Gomez
7,,,0,krios@gmail.com,Felipe,Avila
8,,,0,delfinafernandez@rivero-cordoba.net.ar,Martina,Navarro
9,,,0,gabrielruiz@garcia-garcia.net,Maria Victoria,Sanchez
10,,,0,helenarodriguez@gutierrez.ar,Valentino,Roldan
11,,,0,bmendoza@garcia-perez.ar,Thiago,Vega
12,,,0,fflores@hotmail.com,Guadalupe,Ramirez
13,,,0,lopezguillermina@hotmail.com,Sebastian,Cabrera
14,,,0,thiago37@yahoo.com,Thiago Benjamin,Castro
15,,,0,acostaantonia@gmail.com,Camila,Gutierrez
16,,,0,juan-gabrielmartinez@hotmail.com,Juan Ignacio,Mansilla
17,,,0,pereyralucia@lopez.org,Olivia,Perez
18,,,0,munozdelfina@mendez-sanchez.com,Thiago Daniel,Rios
19,,,0,quirogavalentina@nunez-perez.ar,Ana Paula,Lopez
20,,,0,fvega@gmail.com,Martina,Maldonado
21,,,0,tiziano82@gmail.com,Juan Gabriel,Martinez
22,,,0,castroisabella@mansilla.net,Juan Manuel,Ledesma
23,,,0,kpereyra@gmail.com,Mora,Diaz
24,,,0,thiago-valentinflores@gmail.com,Joaquin,Cordoba
25,,,0,lopezsofia-belen@yahoo.com,Thiago Benjamin,Torres
26,,,0,guillerminadiaz@ruiz.net,Lucas,Ramos
27,,,0,suarezisabella@yahoo.com,Lucía,Toledo
28,,,0,maximoramos@yahoo.com,Mateo,Benitez
29,,,0,kguzman@cordoba.com.ar,Nahuel,Pereyra
30,,,0,floresjuan-martin@hotmail.com,Ambar,Vargas
31,,,0,vazquezfrancesca@hotmail.com,Ignacio,Campos
32,,,0,mansillavalentin@gonzalez.com.ar,Thiago Nicolas,Diaz
33,,,0,pazramiro@perez-rojas.ar,Martina,Martinez
34,,,0,sofiagarcia@hotmail.com,Octavio,Aguero
35,,,0,thiago-daniel97@acosta.ar,Luciano,Rojas
36,,,0,icruz@rodriguez-benitez.ar,Felipe,Medina
37,,,0,juana87@maldonado.com.ar,Ana Paula,Rodriguez
38,,,0,benjamin87@garcia-molina.com.ar,Paloma,Castillo
39,,,0,thiago-nicolasaguirre@yahoo.com,Gonzalo,Castillo
40,,,0,cironavarro@rivero-ponce.ar,Bruno,Romero
41,,,0,matildanunez@lopez.net,Pilar,Medina
42,,,0,silvazoe-valentina@yahoo.com,Joaquin,Gonzalez
43,,,0,quirogamaia@yahoo.com,Santiago,Chavez
44,,,0,emiliagomez@hotmail.com,Federico,Moreno
45,,,0,krodriguez@hotmail.com,Victoria,Mansilla
46,,,0,ediaz@hotmail.com,Martina,Godoy
47,,,0,santino-nicolasmaldonado@gutierrez-toledo.org,Maximo,Rodriguez
48,,,0,mateo-agustinfigueroa@perez.com.ar,Lorenzo,Guzman
49,,,0,rmorales@gmail.com,Tomàs,Rodriguez
50,,,0,gonzalezthiago-valentin@rodriguez.net,Bautista,Gonzalez
51,,,0,vegamaximo@gmail.com,Juan Ignacio,Figueroa
52,,,0,pilar09@gmail.com,Candela,Ledesma
53,,,0,cortiz@aguirre.ar,Santiago Nicolas,Diaz
54,,,0,juliana14@gmail.com,Lorenzo,Vega
55,,,0,rodriguezolivia@olivera-peralta.net,Juan,Gomez
56,,,0,mateo-joaquin07@hotmail.com,Catalina,Medina
57,,,0,silvaagustina@gmail.com,Martina,Campos
58,,,0,isabellaramos@ruiz.ar,Vicente,Carrizo
59,,,0,brojas@gmail.com,Gabriel,Garcia
60,,,0,lucia-medina@yahoo.com,Tiziano Benjamin,Fernandez
61,,,0,valentino52@hotmail.com,Emma,Rojas
62,,,0,vrodriguez@gmail.com,Mia,Flores
63,,,0,nbarrios@hotmail.com,Bautista,Rodriguez
64,,,0,santinocardozo@yahoo.com,Julia,Castro
65,,,0,svazquez@yahoo.com,Francisco,Garcia
66,,,0,sofiachavez@navarro.com,Santino,Quiroga
67,,,0,agustin76@sanchez.net,Thiago,Pereyra
68,,,0,rfernandez@ponce.ar,Santino,Castillo
69,,,0,martineznicolas@gmail.com,Morena,Torres
70,,,0,geronimosanchez@hotmail.com,Juana,Velazquez
71,,,0,antoniocoronel@yahoo.com,Lucía,Sanchez
72,,,0,gonzalezaugusto@flores-diaz.net,Sofia,Sanchez
73,,,0,santino-benjamin93@hotmail.com,Luciano Benjamin,Suarez
74,,,0,quirogavalentino@yahoo.com,Jazmin,Ledesma
75,,,0,rortiz@sosa.ar,Thiago Benjamin,Gonzalez
76,,,0,lautaro56@benitez.net,León,Gonzalez
77,,,0,helenamoyano@hotmail.com,Juan,Castro
78,,,0,maximomiranda@yahoo.com,Agustina,Gomez
79,,,0,isabellagimenez@ayala.com.ar,Benjamin,Escobar
80,,,0,tomasgomez@gmail.com,Juan Ignacio,Ledesma
81,,,0,bustosmicaela@rodriguez.com.ar,Joaquin,Lopez
82,,,0,fernandezolivia@yahoo.com,Santino Benjamin,Ruiz
83,,,0,pramos@hotmail.com,Camilo,Gonzalez
84,,,0,facundo71@maidana.net.ar,Octavio,Juarez
85,,,0,lucalopez@yahoo.com,Benicio,Villalba
86,,,0,dante70@gmail.com,Ludmila,Correa
87,,,0,navarromalena@gmail.com,Isabella,Muñoz
88,,,0,benjamin-alejandro52@yahoo.com,Santino Benjamin,Ortiz
89,,,0,thiago71@juarez-herrera.net,Bautista,Fernandez
90,,,0,bautistasanchez@nunez.com.ar,Isabella,Moyano
91,,,0,jeremiasmoreno@yahoo.com,Josefina,Acuña
92,,,0,pfernandez@gmail.com,Mateo Ezequiel,Alvarez
93,,,0,candelablanco@yahoo.com,Emilia,Fernandez
94,,,0,francescaromero@paz.net.ar,Felipe,Mansilla
95,,,0,emilia03@mendez.ar,Paulina,Aguirre
96,,,0,vsuarez@gmail.com,Sofia,Fernandez
97,,,0,rodriguezabril@gmail.com,Thiago,Romero
98,,,0,rojasalma@gmail.com,Alma Jazmin,Ramirez
99,,,0,kgimenez@medina.com,Luca,Soto
100,,,0,castillooriana@gomez.net.ar,Lucio,Muñoz
101,,,0,vazquezbastian@luna.org,Mateo Agustin,Flores
102,,,0,bautista23@ferreyra.ar,Juan Martin,Fernandez
103,,,0,renatamartinez@gmail.com,Mora,Escobar
104,,,0,gomezlautaro@mansilla.com.ar,Emma,Ledesma
105,,,0,constanzamartinez@correa.net,Olivia,Alvarez
106,,,0,ortizluz-milagros@lucero-barrios.com.ar,Violeta,Diaz
107,,,0,justina16@gutierrez.com.ar,Santiago Nicolas,Cruz
108,,,0,dante53@yahoo.com,Lucas,Carrizo
109,,,0,santiago-nicolas53@hotmail.com,Thiago Gabriel,Gimenez
110,,,0,clara33@hotmail.com,Felipe,Muñoz
111,,,0,molinaluz-milagros@hotmail.com,Isabella,Cardozo
112,,,0,fernandezdante@bustos-rodriguez.com,Martina,Roldan
113,,,0,suarezuma@hotmail.com,Lautaro Gabriel,Cabrera
114,,,0,mateo10@gmail.com,Bruno,Juarez
115,,,0,luz-mariaperez@hotmail.com,Victoria,Cabrera
116,,,0,correasantino@ledesma-ferreyra.com.ar,Catalina,Ponce
117,,,0,bianca32@valdez.net.ar,Maximo,Perez
118,,,0,vegavalentin@flores.com.ar,Valentin,Nuñez
119,,,0,vtorres@duarte-fernandez.org,Federico,Fernandez
120,,,0,gomezbenjamin@soria-ortiz.com.ar,Lara,Lopez
121,,,0,perezfrancisco@yahoo.com,Juan Martin,Sanchez
122,,,0,acunaemilia@moreno-moreno.net.ar,Benicio,Juarez
123,,,0,zoediaz@yahoo.com,Benjamin,Farias
124,,,0,vmartinez@rivero.org,Helena,Ponce
125,,,0,lopezthiago-valentin@aguirre.ar,Maria Luz,Gonzalez
126,,,0,agustin80@castro-ruiz.com,Agustín,Gutierrez
127,,,0,martin92@gmail.com,Santino,Gomez
128,,,0,juarezalma-jazmin@ramos-molina.com.ar,Maria Emilia,Lopez
129,,,0,juan-ignacio48@gmail.com,Pedro,Figueroa
130,,,0,benjamin50@olivera-rodriguez.com.ar,Tobias,Sosa
131,,,0,thiago-nahuelaguero@rojas.com.ar,Thiago,Barrios
132,,,0,nicolasmedina@yahoo.com,Juana,Gimenez
133,,,0,tsanchez@sanchez-gimenez.com,Jeronimo,Arias
134,,,0,tomasaguero@gmail.com,Sara,Fernandez
135,,,0,juan-pablo13@yahoo.com,Isabella,Lopez
136,,,0,guadalupe85@munoz.com.ar,Juan Cruz,Moreno
137,,,0,juan-bautista38@hotmail.com,Jeremias,Sanchez
138,,,0,eperez@perez.net.ar,Bautista,Gimenez
139,,,0,thiago-lionel76@yahoo.com,Manuel,Ledesma
140,,,0,violeta43@yahoo.com,Santiago,Cardozo
141,,,0,maximo61@yahoo.com,Victoria,Gomez
142,,,0,urios@romero.com,Renata,Ortiz
143,,,0,mendozajuan-pablo@hotmail.com,Thiago,Barrios
144,,,0,correaalma@herrera-gutierrez.com,Agustin,Martinez
145,,,0,catalina05@ojeda-dominguez.com.ar,Delfina,Ramos
146,,,0,francoisabella@gmail.com,Francesco,Rios
147,,,0,thiagogonzalez@gmail.com,Fausto,Alvarez
148,,,0,camilagimenez@yahoo.com,Juan Cruz,Rodriguez
149,,,0,gomezsamuel@garcia.com,Alma Valentina,Quiroga
150,,,0,lorenzo00@yahoo.com,Amparo,Gonzalez
151,,,0,gimenezignacio@fernandez.com.ar,Santino Agustin,Benitez
152,,,0,blancovalentina@nunez.com.ar,Alfonsina,Ayala
153,,,0,lautaro-gabriel25@blanco.org,Geronimo,Luna
154,,,0,diazbenjamin@sosa.net,Delfina,Martinez
155,,,0,ciro47@lopez.com,Juliana,Gonzalez
156,,,0,lsanchez@moreno.net,Juan Cruz,Sanchez
157,,,0,nahuelvazquez@paez-caceres.com,Benjamin,Vargas
158,,,0,juan-manuelacosta@benitez-maidana.ar,Santino,Medina
159,,,0,santiagotorres@diaz.com.ar,León,Gomez
160,,,0,valentin34@perez.net.ar,Lautaro,Morales
161,,,0,cabreramilagros@vera-vazquez.ar,Benjamin,Acosta
162,,,0,vargasjeremias@fernandez-silva.ar,Thiago Nahuel,Maldonado
163,,,0,tgomez@hotmail.com,Julieta,Gimenez
164,,,0,valentinagomez@nunez.com,Lucas,Rodriguez
165,,,0,camila23@maldonado-alvarez.net.ar,Catalina,Gonzalez
166,,,0,catalinarodriguez@gmail.com,Benjamin,Torres
167,,,0,bravojuana@gmail.com,Mia,Gomez
168,,,0,mateovega@yahoo.com,Ramiro,Peralta
169,,,0,ezequiel61@miranda.net,Pedro,Ledesma
170,,,0,jazminfernandez@ledesma-cabrera.net,Morena,Caceres
171,,,0,maximoferreyra@gomez-lucero.com,Justina,Vazquez
172,,,0,gomezthiago@luna.com.ar,Salvador,Perez
173,,,0,sanchezvalentina@hotmail.com,Martina,Lopez
174,,,0,felipepereyra@hotmail.com,Clara,Morales
175,,,0,oescobar@hotmail.com,Sol,Figueroa
176,,,0,fernandezdelfina@gmail.com,Juliana,Flores
177,,,0,nicolasmartin@yahoo.com,Sofia Belen,Rodriguez
178,,,0,vdominguez@yahoo.com,Pedro,Lopez
179,,,0,cpaz@yahoo.com,Benjamin,Paz
180,,,0,joaquina79@castillo.net,Rafael,Flores
181,,,0,vcruz@gmail.com,Matilda,Gomez
182,,,0,francesco84@yahoo.com,Antonia,Vera
183,,,0,catalinabarrios@gmail.com,Gabriel,Silva
184,,,0,felipe92@hotmail.com,Catalina,Romero
185,,,0,yrios@lucero-fernandez.net.ar,Maximo,Soria
186,,,0,glopez@yahoo.com,Thiago Valentin,Ledesma
187,,,0,simon80@hotmail.com,Micaela,Godoy
188,,,0,jazmin31@hotmail.com,Martina,Ayala
189,,,0,valentina04@yahoo.com,Martina,Morales
190,,,0,santiago-benjamin83@yahoo.com,Juan Ignacio,Rodriguez
191,,,0,octavio24@gmail.com,Tiziano,Moreno
192,,,0,alma15@ferreyra.net.ar,Zoe,Gomez
193,,,0,fperez@ferreyra-fernandez.ar,Juan Bautista,Gomez
194,,,0,francisco51@gmail.com,Luisina,Rodriguez
195,,,0,bquiroga@ferreyra.com.ar,Martina,Coronel
196,,,0,guillerminachavez@farias.com.ar,Nina,Sanchez
197,,,0,bmaidana@yahoo.com,Alfonsina,Chavez
198,,,0,cvega@yahoo.com,Isabella,Gonzalez
199,,,0,maria-emilia99@gmail.com,Catalina,Aguirre
200,,,0,tiziana33@gmail.com,Vicente,Morales
201,,,0,benitezmaria-victoria@franco-diaz.ar,Miguel Angel,Bustos
202,,,0,barriostiziana@gimenez-duarte.ar,Jazmín,Diaz
203,,,0,paezcatalina@hotmail.com,Isabella,Lopez
204,,,0,geronimoquiroga@hotmail.com,Uma ,Mansilla
205,,,0,lgimenez@yahoo.com,Felicitas,Gonzalez
206,,,0,antoniaperez@lopez-molina.net,Bautista,Vera
207,,,0,perezdelfina@hotmail.com,Fausto,Perez
208,,,0,wfernandez@morales.com.ar,Paloma,Ramos
209,,,0,martinalvarez@yahoo.com,Alvaro,Lopez
210,,,0,quirogaoctavio@gmail.com,Mateo,Escobar
211,,,0,sara15@olivera.org,Santiago,Ruiz
212,,,0,bautistamansilla@guzman.com.ar,Constanza,Ruiz
213,,,0,isabella47@gomez-vera.ar,Francesca,Martinez
214,,,0,nunezisabella@yahoo.com,Bautista,Lopez
215,,,0,pereyrajeremias@yahoo.com,Juan Cruz,Garcia
216,,,0,juan-ignacio76@rodriguez.com.ar,Jazmin,Quiroga
217,,,0,camilagomez@gutierrez.org,Sofia Belen,Molina
218,,,0,alma-jazmingodoy@hotmail.com,Pilar,Mendoza
219,,,0,rafael91@romero.org,Fausto,Gomez
220,,,0,juan-bautistaperalta@vera.com.ar,Thiago Emanuel,Campos
221,,,0,malenamolina@gonzalez-fernandez.com.ar,Benicio,Garcia
222,,,0,alma-jazminrivero@gmail.com,Lucas,Caceres
223,,,0,paulinagomez@gmail.com,Federico,Coronel
224,,,0,ian-ezequiel03@hotmail.com,Joaquin,Rios
225,,,0,lolaherrera@hotmail.com,Joaquina,Fernandez
226,,,0,sofiamansilla@hotmail.com,Ian Benjamin,Aguero
227,,,0,sofia50@gmail.com,Benicio,Soto
228,,,0,xdiaz@yahoo.com,Juan Ignacio,Juarez
229,,,0,vrivero@yahoo.com,Benjamin,Diaz
230,,,0,juan-ignaciolopez@cordoba-flores.ar,Angelina,Herrera
231,,,0,valentinovillalba@gonzalez-gomez.net.ar,Emilia,Garcia
232,,,0,isabellamartinez@benitez-suarez.com,Octavio,Vargas
233,,,0,pedroduarte@peralta.ar,Catalina,Gomez
234,,,0,julianagonzalez@rodriguez.ar,Maria Emilia,Villalba
235,,,0,francesca76@coronel.ar,Tiziano Valentin,Diaz
236,,,0,kdominguez@hotmail.com,Matias,Gutierrez
237,,,0,valentino48@gmail.com,Jeremias,Rodriguez
238,,,0,fariasjuan-francisco@lopez.net.ar,Catalina,Ayala
239,,,0,jgarcia@yahoo.com,Francisco,Gonzalez
240,,,0,lola86@yahoo.com,Thiago Agustin,Herrera
241,,,0,benitezmaria-victoria@castro-cardozo.net,Santiago,Caceres
242,,,0,pedro58@hotmail.com,Luz Milagros,Medina
243,,,0,herreraagustina@hotmail.com,Kiara,Gomez
244,,,0,valentinopaez@perez.org,Juan Cruz,Gimenez
245,,,0,santino80@hotmail.com,Valentina ,Martinez
246,,,0,bautista72@lopez-romero.com.ar,Santiago,Mansilla
247,,,0,gsoto@yahoo.com,Lautaro Ezequiel,Benitez
248,,,0,ciroflores@yahoo.com,Antonella,Vazquez
249,,,0,vicente66@hotmail.com,Santino,Navarro
250,,,0,qgonzalez@hotmail.com,Catalina,Gonzalez
251,pbkdf2_sha256$600000$gVZtouMqvpIrwdsup48vPe$YYN2mZj7BV4Pa4V2mmWooT+U9AG8FL8F0pBcJI0Tn/4=,32:51.4,1,admin@admin.com,admin,admin
252,pbkdf2_sha256$600000$9fB2J7l8JSxUk8VgSDisNh$9BUOVCk8Sc3+Ih1I10LneoirISiBZX73zTHv2joVnKw=,58:17.2,1,Juntos@juntos.com,Juntos,Monicat
253,ricardo,3/11/2023 13:27,1,ricardo@juntos.com,ricardo,monicat
